Wavenumbercm-1,00:45:10
4001.3872542257,-0.174948921700756
3997.65809555447,-0.175544309709872
3993.92893688324,-0.179806016757406
3990.19977821202,-0.175895434668166
3986.47061954079,-0.173470846998307
3982.74146086956,-0.171399875555543
3979.01230219834,-0.171945266505215
3975.28314352711,-0.170842888976193
3971.55398485589,-0.169737733260744
3967.82482618466,-0.167816847243873
3964.09566751343,-0.16305705571281
3960.36650884221,-0.160881277358436
3956.63735017098,-0.155513754386567
3952.90819149975,-0.153774406025318
3949.17903282853,-0.150292662169086
3945.4498741573,-0.149931502044748
3941.72071548608,-0.146402908184531
3937.99155681485,-0.142244103029269
3934.26239814362,-0.136875663691336
3930.5332394724,-0.139149722903079
3926.80408080117,-0.135004833249803
3923.07492212994,-0.130161689675418
3919.34576345872,-0.125585198464241
3915.61660478749,-0.127613275955097
3911.88744611627,-0.121025084259826
3908.15828744504,-0.105610352487187
3904.42912877381,-0.093751808391772
3900.69997010259,-0.104436276868607
3896.97081143136,-0.111713812058555
3893.24165276013,-0.10068156975227
3889.51249408891,-0.0928941604990031
3885.78333541768,-0.089251488381153
3882.05417674646,-0.0935034796151681
3878.32501807523,-0.0912507565471075
3874.595859404,-0.0812403684744948
3870.86670073278,-0.0748964271601407
3867.13754206155,-0.0813717837967185
3863.40838339032,-0.0855031685961056
3859.6792247191,-0.0724498318696232
3855.95006604787,-0.0465054339568068
3852.22090737664,-0.0580618063359285
3848.49174870542,-0.0753975728676523
3844.76259003419,-0.0644050451029644
3841.03343136297,-0.0432455213686101
3837.30427269174,-0.036974940417505
3833.57511402051,-0.0452666532106466
3829.84595534929,-0.0507821306471154
3826.11679667806,-0.0423502749274449
3822.38763800683,-0.0284059872934063
3818.65847933561,-0.0275151128946193
3814.92932066438,-0.0374243919552873
3811.20016199316,-0.037359078638388
3807.47100332193,-0.0254579136600855
3803.7418446507,-0.0197615886726296
3800.01268597948,-0.0176982195892407
3796.28352730825,-0.0235175227910823
3792.55436863702,-0.0236519814586688
3788.8252099658,-0.0215560893769516
3785.09605129457,-0.0141172779273413
3781.36689262335,-0.0100361027352219
3777.63773395212,-0.00759082246514963
3773.90857528089,-0.00644504230632677
3770.17941660967,-0.000836917729742407
3766.45025793844,-0.00313924491194409
3762.72109926721,-0.00174879676815043
3758.99194059599,0.000872250075167493
3755.26278192476,0.00889272183983952
3751.53362325354,0.0229667472768768
3747.80446458231,0.0351511944783929
3744.07530591108,0.0385655295319984
3740.34614723986,0.0314271944313686
3736.61698856863,0.0347672190408239
3732.8878298974,0.0352697217486437
3729.15867122618,0.0338752234210014
3725.42951255495,0.0317324972307531
3721.70035388372,0.029386833218558
3717.9711952125,0.0224277776252463
3714.24203654127,0.0241550357975775
3710.51287787005,0.0226041059381265
3706.78371919882,0.0190266229161659
3703.05456052759,0.0209191662753016
3699.32540185637,0.0266120619619735
3695.59624318514,0.0289826855856202
3691.86708451391,0.0351727074021675
3688.13792584269,0.0346537146395338
3684.40876717146,0.0275109553429426
3680.67960850024,0.0286544738573722
3676.95044982901,0.036829735073626
3673.22129115778,0.0375206248503402
3669.49213248656,0.0332366999551133
3665.76297381533,0.0311303248145612
3662.0338151441,0.0328219235388285
3658.30465647288,0.0351632571455355
3654.57549780165,0.0362712682405734
3650.84633913043,0.0409444802612658
3647.1171804592,0.0392810801795685
3643.38802178797,0.0345273603907913
3639.65886311675,0.0314751607712426
3635.92970444552,0.0322764517047348
3632.20054577429,0.0342363908631877
3628.47138710307,0.0361271226095033
3624.74222843184,0.0317063763246783
3621.01306976062,0.0317591329752401
3617.28391108939,0.0302380123992428
3613.55475241816,0.028613709477495
3609.82559374694,0.0290978163409445
3606.09643507571,0.0305156077789365
3602.36727640448,0.0309490736450056
3598.63811773326,0.0329742436181822
3594.90895906203,0.031842620902694
3591.1798003908,0.0327654876333803
3587.45064171958,0.0346172019122404
3583.72148304835,0.0312885491435034
3579.99232437713,0.0280607103097744
3576.2631657059,0.0290623756181194
3572.53400703467,0.0299018609086586
3568.80484836345,0.0300418190803129
3565.07568969222,0.030166637916783
3561.34653102099,0.0284879177343709
3557.61737234977,0.0277827903431442
3553.88821367854,0.0275120954135787
3550.15905500732,0.0304361941912452
3546.42989633609,0.0324405965436402
3542.70073766486,0.0307927113619775
3538.97157899364,0.0279057608411186
3535.24242032241,0.0266905355389044
3531.51326165118,0.0252019597914278
3527.78410297996,0.0262260778886503
3524.05494430873,0.0261412762690906
3520.32578563751,0.0252305559589279
3516.59662696628,0.0254505336963969
3512.86746829505,0.0267696203315015
3509.13830962383,0.0270000864392031
3505.4091509526,0.0287288529579184
3501.67999228137,0.0286651520007887
3497.95083361015,0.0265116751984922
3494.22167493892,0.0242288611320159
3490.4925162677,0.0243496948340681
3486.76335759647,0.0252783976931122
3483.03419892524,0.0262775751386567
3479.30504025402,0.0255710955444547
3475.57588158279,0.0240119368163276
3471.84672291156,0.0270805070887467
3468.11756424034,0.0291790132185631
3464.38840556911,0.026818984691574
3460.65924689788,0.0245312417614649
3456.93008822666,0.0247007481876163
3453.20092955543,0.0241083713488365
3449.47177088421,0.0239478707621979
3445.74261221298,0.0231169263763587
3442.01345354175,0.0247541660980235
3438.28429487053,0.0282508679712912
3434.5551361993,0.0294787666727413
3430.82597752807,0.0265308988537888
3427.09681885685,0.0232798861177439
3423.36766018562,0.0206301961080354
3419.6385015144,0.0202359782128763
3415.90934284317,0.0213214003747096
3412.18018417194,0.0219788957686949
3408.45102550072,0.0209061265801274
3404.72186682949,0.0253332264337981
3400.99270815826,0.0289009181606853
3397.26354948704,0.027293222691046
3393.53439081581,0.0274969250783911
3389.80523214459,0.0244228426423382
3386.07607347336,0.0190798605077768
3382.34691480213,0.0172125558829284
3378.61775613091,0.0172791557731566
3374.88859745968,0.0193789425652084
3371.15943878845,0.0272545655099185
3367.43028011723,0.0294507428400335
3363.701121446,0.0248176816425996
3359.97196277478,0.0192351069073645
3356.24280410355,0.0173151652341986
3352.51364543232,0.0198325368353065
3348.7844867611,0.019680816215632
3345.05532808987,0.0180636374811703
3341.32616941864,0.0195360527327566
3337.59701074742,0.0184279810479208
3333.86785207619,0.0151080895808201
3330.13869340496,0.0146644565311684
3326.40953473374,0.016774176531231
3322.68037606251,0.0171248961181982
3318.95121739129,0.0158972086818606
3315.22205872006,0.0145257439122296
3311.49290004883,0.016704006831575
3307.76374137761,0.0214627927423831
3304.03458270638,0.0203060197043117
3300.30542403515,0.0161528225630394
3296.57626536393,0.0155559690488737
3292.8471066927,0.0159019868844939
3289.11794802148,0.0145668673674101
3285.38878935025,0.0126814595121899
3281.65963067902,0.0101348338699001
3277.9304720078,0.0093162602783739
3274.20131333657,0.0113595172368033
3270.47215466534,0.0122151428921093
3266.74299599412,0.00934736619977164
3263.01383732289,0.00692884895548603
3259.28467865167,0.0051472064741008
3255.55551998044,0.0043527402284484
3251.82636130921,0.00465729165957466
3248.09720263799,0.00570828143948301
3244.36804396676,0.00621523435122888
3240.63888529553,0.00684767895084878
3236.90972662431,0.00746828203271893
3233.18056795308,0.00885869906857683
3229.45140928185,0.0093061019700888
3225.72225061063,0.0095403917332601
3221.9930919394,0.00950662354062379
3218.26393326818,0.00881921551459851
3214.53477459695,0.00800055164924137
3210.80561592572,0.00740499588136027
3207.0764572545,0.00676177330447341
3203.34729858327,0.00525878256380162
3199.61813991204,0.00351556281527857
3195.88898124082,0.00274401662654081
3192.15982256959,0.00334214969756806
3188.43066389837,0.00328604266572616
3184.70150522714,0.00241395497901552
3180.97234655591,0.00147049552517336
3177.24318788469,0.000560744430822497
3173.51402921346,-0.000377926612292524
3169.78487054223,-0.000526969201382335
3166.05571187101,-0.000893801836442598
3162.32655319978,-0.00108485695758826
3158.59739452856,-0.00101779783068259
3154.86823585733,-0.000677776796061679
3151.1390771861,-0.00123189359402757
3147.40991851488,-0.00210040586925972
3143.68075984365,-0.00255669765467193
3139.95160117242,-0.00248094186888269
3136.2224425012,-0.00282702861217626
3132.49328382997,-0.00270365622942363
3128.76412515875,-0.00204221721036105
3125.03496648752,-0.00150535019369116
3121.30580781629,-0.00129265903987518
3117.57664914507,-0.00199302074430537
3113.84749047384,-0.00300566509821284
3110.11833180261,-0.00381594156031041
3106.38917313139,-0.00460312108209579
3102.66001446016,-0.00536889047678489
3098.93085578893,-0.00583365364732531
3095.20169711771,-0.00594425949301443
3091.47253844648,-0.00568226709279917
3087.74337977526,-0.00571156697516155
3084.01422110403,-0.00547734777083281
3080.2850624328,-0.00517500238183987
3076.55590376158,-0.00507647621687642
3072.82674509035,-0.00495556965349208
3069.09758641912,-0.00405701628871955
3065.3684277479,-0.00309599993374587
3061.63926907667,-0.00216048062880641
3057.91011040545,-0.00104638742315103
3054.18095173422,0.000263188390428637
3050.45179306299,0.00145929224101593
3046.72263439177,0.00353565647534052
3042.99347572054,0.00680201603750777
3039.26431704931,0.0100962559330504
3035.53515837809,0.0138001773405225
3031.80599970686,0.0180189129401552
3028.07684103564,0.0226400488758914
3024.34768236441,0.0279441598173563
3020.61852369318,0.0348267132272479
3016.88936502196,0.045625768543033
3013.16020635073,0.0609599934369883
3009.4310476795,0.0770531014105684
3005.70188900828,0.0945526270869766
3001.97273033705,0.118711238301854
2998.24357166583,0.154380675717128
2994.5144129946,0.204749819127894
2990.78525432337,0.265889936839523
2987.05609565215,0.330026283920425
2983.32693698092,0.400463694677607
2979.59777830969,0.469873779183961
2975.86861963847,0.50945880366107
2972.13946096724,0.508156169596502
2968.41030229601,0.484747648005053
2964.68114362479,0.463757088660924
2960.95198495356,0.446406507678798
2957.22282628234,0.434511995099068
2953.49366761111,0.429905186097303
2949.76450893988,0.434813279680794
2946.03535026866,0.451256307951188
2942.30619159743,0.462457521137349
2938.5770329262,0.452908494718553
2934.84787425498,0.433468841673
2931.11871558375,0.411412367758193
2927.38955691253,0.383623672437059
2923.6603982413,0.353577200473089
2919.93123957007,0.333450188080121
2916.20208089885,0.326794314176726
2912.47292222762,0.323921816512239
2908.74376355639,0.315818505247709
2905.01460488517,0.308039363362477
2901.28544621394,0.307830608043916
2897.55628754272,0.318666039378262
2893.82712887149,0.338860169910276
2890.09797020026,0.364244733823804
2886.36881152904,0.394515506853225
2882.63965285781,0.426073337495238
2878.91049418658,0.456559211304541
2875.18133551536,0.492098072925441
2871.45217684413,0.522451661179553
2867.72301817291,0.532441914823432
2863.99385950168,0.536535203553497
2860.26470083045,0.539998265451985
2856.53554215923,0.530678324450675
2852.806383488,0.505254557036356
2849.07722481677,0.471938175357796
2845.34806614555,0.430103907116443
2841.61890747432,0.390604594341796
2837.88974880309,0.354739825463253
2834.16059013187,0.312374079708311
2830.43143146064,0.267296228997602
2826.70227278942,0.227174559172315
2822.97311411819,0.193037631428082
2819.24395544696,0.163936885490686
2815.51479677574,0.139364417706375
2811.78563810451,0.119113605801407
2808.05647943328,0.101804131172678
2804.32732076206,0.0869387398289592
2800.59816209083,0.0748822290796476
2796.86900341961,0.0646732311718703
2793.13984474838,0.0558292288362141
2789.41068607715,0.0480848341213198
2785.68152740593,0.0410727860888172
2781.9523687347,0.0349824037492204
2778.22321006347,0.0298005328422345
2774.49405139225,0.0250631319410049
2770.76489272102,0.0208532318294661
2767.0357340498,0.0173823944647924
2763.30657537857,0.014526068443173
2759.57741670734,0.012201495916743
2755.84825803612,0.0104347804851222
2752.11909936489,0.00890643324991249
2748.38994069366,0.00717616421740367
2744.66078202244,0.00541678872207297
2740.93162335121,0.00432911125020833
2737.20246467999,0.00419400251806165
2733.47330600876,0.00548905881838087
2729.74414733753,0.00766797703095741
2726.01498866631,0.00936931930300141
2722.28582999508,0.0102581650627009
2718.55667132385,0.0105352696558788
2714.82751265263,0.0102340502616995
2711.0983539814,0.00969990064284265
2707.36919531017,0.0095262641539027
2703.64003663895,0.0102228503049504
2699.91087796772,0.011840878914649
2696.1817192965,0.0144019000685955
2692.45256062527,0.0179083296755753
2688.72340195404,0.0217881136117459
2684.99424328282,0.0245603913948852
2681.26508461159,0.0242982606119828
2677.53592594036,0.0209986032947899
2673.80676726914,0.0167935595789332
2670.07760859791,0.0136487112561364
2666.34844992669,0.0123061830834295
2662.61929125546,0.0125800260146731
2658.89013258423,0.0136219334603846
2655.16097391301,0.0142650683886566
2651.43181524178,0.0131390706728401
2647.70265657055,0.010583708980627
2643.97349789933,0.00834995046485025
2640.2443392281,0.007124563392503
2636.51518055688,0.00641452448518143
2632.78602188565,0.00624626772481609
2629.05686321442,0.0064319359266227
2625.3277045432,0.00666897979396293
2621.59854587197,0.00709163250234478
2617.86938720074,0.00777730503712046
2614.14022852952,0.0085355431093743
2610.41106985829,0.0091516172197284
2606.68191118707,0.00955532813576706
2602.95275251584,0.00946996058136229
2599.22359384461,0.00863025241670247
2595.49443517339,0.00711489574092542
2591.76527650216,0.00576379611756512
2588.03611783093,0.00568587889658652
2584.30695915971,0.00837386679223546
2580.57780048848,0.0129252581491521
2576.84864181725,0.0164294195043266
2573.11948314603,0.017252183823872
2569.3903244748,0.0168150493658893
2565.66116580358,0.0159853413937274
2561.93200713235,0.0154688033419453
2558.20284846112,0.0153764956285976
2554.4736897899,0.01584676431666
2550.74453111867,0.0166115176442819
2547.01537244744,0.0171252696812407
2543.28621377622,0.0170842346848975
2539.55705510499,0.0170990289545419
2535.82789643377,0.0171406869785093
2532.09873776254,0.0170107616647715
2528.36957909131,0.0171323303928483
2524.64042042009,0.0168657967058921
2520.91126174886,0.0161535378634024
2517.18210307763,0.0155819112229146
2513.45294440641,0.0159606504011641
2509.72378573518,0.0160679124969328
2505.99462706396,0.0159359623578943
2502.26546839273,0.0159083724065227
2498.5363097215,0.0158377564115498
2494.80715105028,0.0146744704818867
2491.07799237905,0.012820675138687
2487.34883370782,0.0104209488748379
2483.6196750366,0.00734490035263273
2479.89051636537,0.00336045513616921
2476.16135769415,0.000952005465663275
2472.43219902292,0.00332589875193863
2468.70304035169,0.00983678034074932
2464.97388168047,0.0148185883239696
2461.24472300924,0.0149579019193105
2457.51556433801,0.0138445104215802
2453.78640566679,0.0160248414686928
2450.05724699556,0.0218136216930959
2446.32808832433,0.0272458333903316
2442.59892965311,0.0287620753786538
2438.86977098188,0.0263100728510706
2435.14061231066,0.0222602586706581
2431.41145363943,0.0183346890775074
2427.6822949682,0.015473418017296
2423.95313629698,0.0129015561108985
2420.22397762575,0.0107323609662561
2416.49481895452,0.00926103830419696
2412.7656602833,0.00806615107853314
2409.03650161207,0.00594412158634605
2405.30734294085,0.00384740968788277
2401.57818426962,0.00241829021072286
2397.84902559839,0.00170730728512425
2394.11986692717,0.00113153550554204
2390.39070825594,0.000746264482470359
2386.66154958471,0.000799589132485896
2382.93239091349,0.00164044857774666
2379.20323224226,0.00275406946550471
2375.47407357104,0.00345722189444228
2371.74491489981,0.00317884650201893
2368.01575622858,0.00153191772290768
2364.28659755736,-0.00101646526941901
2360.55743888613,-0.00397950397740526
2356.8282802149,-0.00631686840262695
2353.09912154368,-0.00605864185812841
2349.36996287245,-0.00320900560914778
2345.64080420122,-0.00111427848835567
2341.91164553,-0.00155146987492277
2338.18248685877,-0.00314366725814596
2334.45332818755,-0.00405850147946997
2330.72416951632,-0.00320458627491573
2326.99501084509,0.000236579029983201
2323.26585217387,0.00445234634273377
2319.53669350264,0.00664912679896254
2315.80753483141,0.00660777577779671
2312.07837616019,0.00632723627109691
2308.34921748896,0.0065306344175929
2304.62005881774,0.00735896666356016
2300.89090014651,0.00865731799794574
2297.16174147528,0.0106218985462684
2293.43258280406,0.0133064263123065
2289.70342413283,0.0171724629291686
2285.9742654616,0.0218337879307247
2282.24510679038,0.0271721328332757
2278.51594811915,0.0344810159854008
2274.78678944793,0.0437254497725363
2271.0576307767,0.0553053469453652
2267.32847210547,0.0686449548821587
2263.59931343425,0.0853563626848769
2259.87015476302,0.104541511798748
2256.14099609179,0.12482171379744
2252.41183742057,0.141021896797847
2248.68267874934,0.151804563860373
2244.95352007812,0.153197657590416
2241.22436140689,0.148903230100835
2237.49520273566,0.140907905441892
2233.76604406444,0.130343716621768
2230.03688539321,0.115126921280396
2226.30772672198,0.102960931968844
2222.57856805076,0.0911252563095293
2218.84940937953,0.0807090797201923
2215.1202507083,0.0698312848587636
2211.39109203708,0.063805804394929
2207.66193336585,0.0610305786222218
2203.93277469463,0.0648110610040574
2200.2036160234,0.0758508935077298
2196.47445735217,0.0874704090414258
2192.74529868095,0.101781800858916
2189.01614000972,0.116485964147123
2185.28698133849,0.136812742741312
2181.55782266727,0.143496677908081
2177.82866399604,0.152340477567214
2174.09950532482,0.142587880375344
2170.37034665359,0.118169686990929
2166.64118798236,0.0629720812585991
2162.91202931114,-0.0097081669195679
2159.18287063991,-0.0868704298427246
2155.45371196868,-0.14413442763034
2151.72455329746,-0.176183714886637
2147.99539462623,-0.18329634127242
2144.26623595501,-0.169527162921163
2140.53707728378,-0.139797407080988
2136.80791861255,-0.0994627249268225
2133.07875994133,-0.0550423948632644
2129.3496012701,-0.0271099958424625
2125.62044259887,-0.0148815008973108
2121.89128392765,-0.00940424382980693
2118.16212525642,-0.00408906804318343
2114.4329665852,0.00575197048708479
2110.70380791397,0.0251013731979265
2106.97464924274,0.0501744267012444
2103.24549057152,0.0766328559202059
2099.51633190029,0.0994981275666018
2095.78717322906,0.111480399087951
2092.05801455784,0.109697217298842
2088.32885588661,0.103465691893821
2084.59969721538,0.0990383553061606
2080.87053854416,0.0914051960310987
2077.14137987293,0.0793130640014701
2073.41222120171,0.0634993491615148
2069.68306253048,0.0536852076048848
2065.95390385925,0.0512222600770986
2062.22474518803,0.057985632319933
2058.4955865168,0.0671569751508805
2054.76642784557,0.0706433632737348
2051.03726917435,0.0418977825821626
2047.30811050312,-0.0221154449909027
2043.5789518319,-0.099508136956728
2039.84979316067,-0.160719307018225
2036.12063448944,-0.221249330583865
2032.39147581822,-0.25955939973769
2028.66231714699,-0.285934627870245
2024.93315847576,-0.28974591570932
2021.20399980454,-0.29471337432668
2017.47484113331,-0.289314398877765
2013.74568246209,-0.289657939122096
2010.01652379086,-0.279658662229153
2006.28736511963,-0.26814118710233
2002.55820644841,-0.247666234798773
1998.82904777718,-0.235385658718636
1995.09988910595,-0.226599485832678
1991.37073043473,-0.223599790175018
1987.6415717635,-0.222179022851582
1983.91241309228,-0.224275540882574
1980.18325442105,-0.228347402714386
1976.45409574982,-0.225646180619751
1972.7249370786,-0.21818949735111
1968.99577840737,-0.205215312599872
1965.26661973614,-0.193099361110835
1961.53746106492,-0.174845069760678
1957.80830239369,-0.15875960198081
1954.07914372246,-0.137928769118878
1950.34998505124,-0.121925511845943
1946.62082638001,-0.103132773588339
1942.89166770879,-0.0882941393066532
1939.16250903756,-0.0706274213790478
1935.43335036633,-0.0570685736462074
1931.70419169511,-0.0438631035460681
1927.97503302388,-0.0336820219822029
1924.24587435265,-0.0249032881368609
1920.51671568143,-0.0183121956759144
1916.7875570102,-0.0131839788186492
1913.05839833898,-0.00880717446163526
1909.32923966775,-0.00628061953431016
1905.60008099652,-0.00384050207686206
1901.8709223253,-0.00257218226673476
1898.14176365407,-0.000956326502312004
1894.41260498284,-0.000585028341708271
1890.68344631162,-5.62296234224038E-05
1886.95428764039,-0.000482634251610711
1883.22512896917,-0.00071001885853705
1879.49597029794,-0.00120114411712065
1875.76681162671,-0.00162674707325156
1872.03765295549,-0.00244242081936424
1868.30849428426,-0.00296420421239197
1864.57933561303,-0.00395118615981086
1860.85017694181,-0.00500709454777165
1857.12101827058,-0.00598483517942815
1853.39185959936,-0.00678225869410717
1849.66270092813,-0.00720005737522408
1845.9335422569,-0.00699760662092327
1842.20438358568,-0.0067973427795774
1838.47522491445,-0.00750223456433016
1834.74606624322,-0.00806936993244986
1831.016907572,-0.00773221200456215
1827.28774890077,-0.00675044165588385
1823.55859022954,-0.00611744049265062
1819.82943155832,-0.00585222785005781
1816.10027288709,-0.00641719713637846
1812.37111421587,-0.00764611169859303
1808.64195554464,-0.00890444714208797
1804.91279687341,-0.00962196436272265
1801.18363820219,-0.00983174674134476
1797.45447953096,-0.00980648204230629
1793.72532085973,-0.00967510224655264
1789.99616218851,-0.00970363963443616
1786.26700351728,-0.0103054485146433
1782.53784484606,-0.0107744217673386
1778.80868617483,-0.0111918481853109
1775.0795275036,-0.0112939601937532
1771.35036883238,-0.0109729094882411
1767.62121016115,-0.0110489726380401
1763.89205148992,-0.0115585370075459
1760.1628928187,-0.0120414655245268
1756.43373414747,-0.0124594190267386
1752.70457547625,-0.0127777185933965
1748.97541680502,-0.0130642076960207
1745.24625813379,-0.0136662175617118
1741.51709946257,-0.0141794553760468
1737.78794079134,-0.0144520094952368
1734.05878212011,-0.0145703868046783
1730.32962344889,-0.0153598122001958
1726.60046477766,-0.0165922364486739
1722.87130610643,-0.0175346471605542
1719.14214743521,-0.0180273309056771
1715.41298876398,-0.0190286975212816
1711.68383009276,-0.0213387916895252
1707.95467142153,-0.0250243216887861
1704.2255127503,-0.0296057595219102
1700.49635407908,-0.0346067313080904
1696.76719540785,-0.0395051364564044
1693.03803673662,-0.0448607921700284
1689.3088780654,-0.0506760559524149
1685.57971939417,-0.0596013815893968
1681.85056072295,-0.0706504997582853
1678.12140205172,-0.0765755616409822
1674.39224338049,-0.0748730607692236
1670.66308470927,-0.0673498143314053
1666.93392603804,-0.0558975040657667
1663.20476736681,-0.0439888591942654
1659.47560869559,-0.0349237065136654
1655.74645002436,-0.0293453756085517
1652.01729135314,-0.0248056386043915
1648.28813268191,-0.0224315444504116
1644.55897401068,-0.0209928306807381
1640.82981533946,-0.0195284827941148
1637.10065666823,-0.0170744249524828
1633.371497997,-0.013713253609675
1629.64233932578,-0.0108608651648416
1625.91318065455,-0.0077122378004338
1622.18402198333,-0.00490917508642231
1618.4548633121,-0.00283646120371423
1614.72570464087,-0.00167146685135098
1610.99654596965,-0.00167443471040091
1607.26738729842,-0.00290336463031336
1603.53822862719,-0.00485894079551337
1599.80906995597,-0.00727598908157462
1596.07991128474,-0.00895373820998904
1592.35075261351,-0.00945178939636345
1588.62159394229,-0.0084754038743697
1584.89243527106,-0.00683395817931797
1581.16327659984,-0.00498533558455606
1577.43411792861,-0.0033020707746754
1573.70495925738,-0.00197361580124768
1569.97580058616,-0.00173918011667947
1566.24664191493,-0.00224326970534937
1562.5174832437,-0.00308438268974849
1558.78832457248,-0.00362154089672557
1555.05916590125,-0.00446283765907241
1551.33000723003,-0.00586692246689549
1547.6008485588,-0.00685687456498574
1543.87168988757,-0.00724187227469555
1540.14253121635,-0.00726829356901495
1536.41337254512,-0.00849374004595326
1532.68421387389,-0.010784205765982
1528.95505520267,-0.0139249802821206
1525.22589653144,-0.0169639705027711
1521.49673786022,-0.019510812855196
1517.76757918899,-0.0209848256077178
1514.03842051776,-0.021750103480939
1510.30926184654,-0.0204345731415739
1506.58010317531,-0.0162265022598465
1502.85094450408,-0.0101325074066481
1499.12178583286,-0.00212242138417719
1495.39262716163,0.00852876273532847
1491.66346849041,0.0180764630107918
1487.93430981918,0.0270283443272358
1484.20515114795,0.0349258025038642
1480.47599247673,0.043310226703152
1476.7468338055,0.0534646424007445
1473.01767513427,0.069044307868237
1469.28851646305,0.0922338046700348
1465.55935779182,0.122377436559824
1461.83019912059,0.145803397963813
1458.10104044937,0.145519286137579
1454.37188177814,0.133569902139584
1450.64272310692,0.126953309466975
1446.91356443569,0.11584077979713
1443.18440576446,0.0964224382467802
1439.45524709324,0.0785610959728749
1435.72608842201,0.0670676664401813
1431.99692975078,0.060546425914443
1428.26777107956,0.0547874221334988
1424.53861240833,0.0463079719111649
1420.80945373711,0.0381183063657077
1417.08029506588,0.0357749447070653
1413.35113639465,0.0369247399225631
1409.62197772343,0.037105602282939
1405.8928190522,0.036215640351497
1402.16366038097,0.0345910742285584
1398.43450170975,0.0327532494490741
1394.70534303852,0.03099521468957
1390.9761843673,0.0294751361235911
1387.24702569607,0.0279610879818377
1383.51786702484,0.026733599088017
1379.78870835362,0.0270051407817196
1376.05954968239,0.0316624424465917
1372.33039101116,0.0443165345517298
1368.60123233994,0.0624574784130745
1364.87207366871,0.0692612312143691
1361.14291499749,0.0538781964650171
1357.41375632626,0.0349702023342627
1353.68459765503,0.0245400545287322
1349.95543898381,0.0190191829162782
1346.22628031258,0.0146722600924976
1342.49712164135,0.0102750178519559
1338.76796297013,0.00678317077065691
1335.0388042989,0.00602533620199511
1331.30964562767,0.00659700834345421
1327.58048695645,0.00747272886768916
1323.85132828522,0.01070402277784
1320.122169614,0.0163543799165673
1316.39301094277,0.0226465116440423
1312.66385227154,0.0283653668231247
1308.93469360032,0.0327730925749991
1305.20553492909,0.0360146133372393
1301.47637625786,0.0399371999615878
1297.74721758664,0.0482431777435967
1294.01805891541,0.0621879123483981
1290.28890024419,0.0718300522600566
1286.55974157296,0.0686132877505965
1282.83058290173,0.0613751222381902
1279.10142423051,0.057623516256482
1275.37226555928,0.0567188632442268
1271.64310688805,0.0574084205690122
1267.91394821683,0.0602994980020055
1264.1847895456,0.0663949589568583
1260.45563087438,0.0758334633207866
1256.72647220315,0.0878158160424979
1252.99731353192,0.101098221765447
1249.2681548607,0.115699920357833
1245.53899618947,0.135468317324772
1241.80983751824,0.16473275577457
1238.08067884702,0.204208841455616
1234.35152017579,0.235501261366205
1230.62236150457,0.239071720858679
1226.89320283334,0.228409854672163
1223.16404416211,0.201240922068602
1219.43488549089,0.161786516967626
1215.70572681966,0.133890335772309
1211.97656814843,0.121619535130123
1208.24740947721,0.118640768825437
1204.51825080598,0.120391374742699
1200.78909213475,0.125770689135224
1197.05993346353,0.132030329974368
1193.3307747923,0.138436092096135
1189.60161612108,0.144636570811161
1185.87245744985,0.149961288200013
1182.14329877862,0.153693956735435
1178.4141401074,0.155629332066001
1174.68498143617,0.155602537621658
1170.95582276494,0.15393128518479
1167.22666409372,0.152229786625513
1163.49750542249,0.153101255404371
1159.76834675127,0.158286106394898
1156.03918808004,0.168745153441964
1152.31002940881,0.186583684187497
1148.58087073759,0.21367701562653
1144.85171206636,0.249077200184245
1141.12255339513,0.286000887118071
1137.39339472391,0.31368843672687
1133.66423605268,0.320980669522026
1129.93507738146,0.304207132032004
1126.20591871023,0.268609542377619
1122.476760039,0.228312368420117
1118.74760136778,0.196615884143416
1115.01844269655,0.177157511169151
1111.28928402532,0.167162847726667
1107.5601253541,0.166733174401251
1103.83096668287,0.176015240431227
1100.10180801165,0.194556193680359
1096.37264934042,0.222807348197344
1092.64349066919,0.263146881829985
1088.91433199797,0.320692808844666
1085.18517332674,0.407513762282745
1081.45601465551,0.545306001817962
1077.72685598429,0.76383417694071
1073.99769731306,1.08203523970792
1070.26853864183,1.41797024178142
1066.53937997061,1.51514592329583
1062.81022129938,1.35721335086912
1059.08106262816,1.14048139999938
1055.35190395693,0.906490935636177
1051.6227452857,0.692365990709909
1047.89358661448,0.528435888256536
1044.16442794325,0.418655135876784
1040.43526927202,0.354529737632811
1036.7061106008,0.327528046719478
1032.97695192957,0.320111049754913
1029.24779325835,0.302261176716101
1025.51863458712,0.257329954750262
1021.78947591589,0.202680504144187
1018.06031724467,0.158302804931787
1014.33115857344,0.128666274315328
1010.60199990221,0.109718082289783
1006.87284123099,0.0969935126332105
1003.14368255976,0.0876836952546656
999.414523888535,0.0809429135179046
995.685365217309,0.0760113986320845
991.956206546083,0.072454709278578
988.227047874856,0.0702423553883503
984.49788920363,0.0690015247155539
980.768730532404,0.0688511317376744
977.039571861178,0.0701774781857177
973.310413189951,0.0730594027579864
969.581254518725,0.0776987182795028
965.852095847499,0.0847480034507581
962.122937176272,0.0944251549858676
958.393778505046,0.107108399838836
954.66461983382,0.122548520187549
950.935461162594,0.140196730471
947.206302491367,0.159830792258083
943.477143820141,0.182505724556553
939.747985148915,0.209766095342838
936.018826477688,0.244990285583059
932.289667806462,0.291722805111683
928.560509135236,0.354695462002873
924.83135046401,0.439536271514464
921.102191792783,0.551419942307007
917.373033121557,0.682634025248298
913.643874450331,0.799250686967856
909.914715779104,0.858688085046139
906.185557107878,0.853891186963207
902.456398436652,0.799282557984681
898.727239765426,0.713186065204192
894.998081094199,0.622632394676174
891.268922422973,0.555459859178286
887.539763751747,0.517937462504768
883.81060508052,0.475251109397185
880.081446409294,0.411331949879867
876.352287738068,0.350245712036145
872.623129066842,0.306919865662001
868.893970395615,0.277692000188836
865.164811724389,0.256077618035317
861.435653053163,0.238180598786998
857.706494381936,0.223789838266442
853.97733571071,0.21362108891791
850.248177039484,0.208086169251852
846.519018368258,0.20434389678452
842.789859697031,0.20334869100342
839.060701025805,0.207787977994443
835.331542354579,0.217794516144592
831.602383683352,0.238213695714195
827.873225012126,0.283032674952559
824.1440663409,0.367332085485529
820.414907669674,0.490797162867664
816.685748998447,0.604599278019243
812.956590327221,0.635814145912999
809.227431655995,0.55521620031998
805.498272984768,0.418691717212747
801.769114313542,0.298347932416161
798.039955642316,0.214590609546543
794.31079697109,0.161720610040282
790.581638299863,0.128321015119242
786.852479628637,0.106784120190979
783.123320957411,0.0921152073666542
779.394162286184,0.0818829376801868
775.665003614958,0.0752458052158117
771.935844943732,0.0721324236262158
768.206686272506,0.0721242926151374
764.477527601279,0.0751781594561411
760.748368930053,0.0822008967176523
757.019210258827,0.0967962763068784
753.2900515876,0.121243620171456
749.560892916374,0.151535108056691
745.831734245148,0.173372982612123
742.102575573922,0.181493470855328
738.373416902695,0.175186367921988
734.644258231469,0.148468381830262
730.915099560243,0.112785428009434
727.185940889016,0.0821709608036513
723.45678221779,0.061800467532439
719.727623546564,0.0505520474940859
715.998464875338,0.0443697099838878
712.269306204111,0.0409276690290926
708.540147532885,0.0394758571133659
704.810988861659,0.0402153577210462
701.081830190432,0.0435295425863218
697.352671519206,0.0499575939123513
693.62351284798,0.0580991998267579
689.894354176754,0.0668858215397562
686.165195505527,0.0761833460938621
682.436036834301,0.0862413980179051
678.706878163075,0.0994247595319639
674.977719491848,0.118260438574122
671.248560820622,0.141953246077514
667.519402149396,0.171096160425178
663.790243478169,0.199314408671617
660.061084806943,0.227719084362388
656.331926135717,0.271278518666596
652.602767464491,0.326474171925903
648.873608793276,0.357530950129341
